label,label_reason,query,rank,rrf_score,title,agencies_affected,subject_matter,full_chunk_text
,,changes to STEM OPT extension rules,3,0.029828,HHS issues notice excluding undocumented immigrants from additional federal benefits,"[""Unspecified/Other""]","[""Unspecified/Other""]","169. With effectively no notice, Defendants have upset this balance, imposing onerous new immigration status verification requirements that will bring States’ social safety nets to the brink of disaster and with which the Plaintiff States could not possibly have complied before they took effect. These Notices threaten the States’ programs with immediate enforcement and thus interfere with their ability to advance their sovereign prerogatives with respect to public health and community safety. Case 1:25-cv-00345 Document 1 Filed 07/21/25 Page 35 of 50 PageID #: 35 36 CAUSES OF ACTION Count I Violation of the Administrative Procedure Act – Procedural Violation (Against All Defendants Except U.S. Department of Justice and Attorney General Bondi) 170. Plaintiff States incorporate by reference the allegations contained in the preceding paragraphs. 171. HHS, ED, and DOL are “agenc[ies]” under the Administrative Procedure Act (APA). 5 U.S.C. § 551(1). 172. The APA requires agency rules to undergo notice and comment. Id. § 553. Failure to abide by notice-and-comment requirements renders a rule procedurally invalid. 173. The notice-and-comment requirement “does not apply” to “interpretative rules, general statements of policy, or rules of agency organization, procedure, or practice.” Id. § 553(b)(A). 174. But this exception does not apply here because HHS’s, ED’s, and DOL’s PRWORA Notices are substantive rules or “legislative” rules, not interpretive ones. 175. “[T]he critical feature of interpretive rules is that they are issued by an agency to advise the public of the agency’s construction of the statutes and rules which it administers."
,,changes to STEM OPT extension rules,4,0.028790,USCIS issues final rule on public charge inadmissibility grounds,"[""U.S. Citizenship and Immigration Services""]","[""Unspecified/Other"", ""Unspecified/Other""]","51114 Federal Register / Vol. 83, No. 196 / Wednesday, October 10, 2018 / Proposed Rules DEPARTMENT OF HOMELAND SECURITY 8 CFR Parts 103, 212, 213, 214, 245 and 248 [CIS No. 2499–10; DHS Docket No. USCIS– 2010–0012] RIN 1615–AA22 Inadmissibility on Public Charge Grounds AGENCY: U.S. Citizenship and Immigration Services, DHS. ACTION: Notice of proposed rulemaking. SUMMARY: The U.S. Department of Homeland Security (DHS) proposes to prescribe how it determines whether an alien is inadmissible to the United States under section 212(a)(4) of the Immigration and Nationality Act (INA) because he or she is likely at any time to become a public charge. Aliens who seek adjustment of status or a visa, or who are applicants for admission, must establish that they are not likely at any time to become a public charge, unless Congress has expressly exempted them from this ground of inadmissibility or has otherwise permitted them to seek a waiver of inadmissibility. Moreover, DHS proposes to require all aliens seeking an extension of stay or change of status to demonstrate that they have not received, are not currently receiving, nor are likely to receive, public benefits as defined in the proposed rule. DHS proposes to define ‘‘public charge’’ as the term is used in sections 212(a)(4) of the Act. DHS also proposes to define the types of public benefits that are considered in public charge inadmissibility determinations. DHS would consider an alien’s receipt of public benefits when such receipt is above the applicable threshold(s) proposed by DHS, either in terms of dollar value or duration of receipt."
,,changes to STEM OPT extension rules,5,0.028739,"DOJ requests comments on Form EOIR-27, Notice of Entry of Appearance before BIA","[""Executive Office for Immigration Review""]","[""Unspecified/Other"", ""Unspecified/Other""]","DOJ requests comments regarding the revision and extension of a currently approved information collection from Form EOIR-27, Notice of Entry of Appearance as Attorney or Representative Before the Board of Immigration Appeals. Among the proposed changes include several non-substantive changes. EOIR has also added language clarifying that the practitioner, by entering his or her appearance before EOIR, acknowledges that the practitioner will be subject to the disciplinary rules and procedures at 8 C.F.R. 1003.101 et seq. Additional language was added to the form to clarify that by entering an appearance before EOIR pursuant to the filing of a Form EOIR-27, the practitioner consents to the publication of the practitioner’s name and any findings of misconduct by EOIR, should the practitioner become subject to any public discipline by EOIR pursuant to the rules and procedures at 8 C.F.R. 1003.101 et seq. [ID #855]"
,,policy changes affecting marriage based green card interviews,1,0.031514,Asylum seekers given less time to prepare for credible fear interviews,"[""U.S. Citizenship and Immigration Services""]","[""Asylum, Withholding and CAT""]","17-2 at 12 (Johnson Decl., Ex. 1 at D-1). That same day, acting Secretary McAleenan also revised USCIS’s order of succession, designating the newly created position of Principal Deputy Director as “the First Assistant and most senior successor to the Director of USCIS.” Dkt. 17-4 at 7 (Blackwell Decl., Ex. 2). These two changes—both of which occurred after the vacancy arose—allowed Cuccinelli to leapfrog Koumans to become USCIS’s acting Director. But neither of these changes was designed to endure. Acting Secretary McAleenan specified that Cuccinelli’s appointment as Principal Deputy Director “will remain in effect until the earlier to occur of (1) the appointment of a Director of USCIS by the President of the United States, or (2) the express revocation of this appointment.” Id. at 5 (Blackwell Decl., Ex. 1). And acting Secretary McAleenan specified that the revised order of succession, which re-designated the Principal Deputy Director position as the “first assistant” to the Director, “will terminate automatically, without further action, upon the appointment of a new Director of USCIS by the President.” Id. at 7 (Blackwell Decl., Ex.2). In other words, as soon as the vacant office is filled, the status quo will be restored. On July 2, 2019, three weeks after assuming his new office, Cuccinelli issued a memorandum announcing a revised policy for scheduling credible-fear interviews in expedited removal proceedings. AR 113. Under the revised policy, USCIS (1) reduced the time allotted for asylum seekers to consult with others prior to their credible-fear interviews from 72 or 48 hours to “one full calendar day from the date of arrival at a detention facility,” AR 113 (“reduced-time-to-consult directive”), and (2) prohibited asylum officers from granting asylum Case 1:19-cv-02676-RDM Document 34 Filed 03/01/20 Page 3 of 55"
,,policy changes affecting marriage based green card interviews,2,0.031099,"EO 14165 § 6 directs DHS, DOS, and DOJ to resume the Migrant Protection Protocols","[""Unspecified/Other"", ""Unspecified/Other"", ""Unspecified/Other""]","[""Border"", ""Asylum, Withholding and CAT""]","Moreover, the Secretary has his own independent and significant concerns about the prior implementation of MPP, including concerns about the safety and security of those returned to Mexico, deficiencies in the non-refoulement interview process, barriers to access to counsel, and the ways in which reimplementation of MPP would divert from other Administration goals and result in significant burdens for the Department that would limit DHS’s opportunities to make other needed reforms consistent with this Administration’s policy priorities. In light of these concerns, the Secretary has decided not to resume MPP in precisely the same form as it previously existed, even if were a viable option. As an alternative, the Secretary considered a modified implementation and enforcement plan, in the manner that the Administration is planning to start doing in the coming weeks— pending an independent decision by the GOM to facilitate returns—in order to comply with the district court’s order. As the Department moves to reimplement, it is making changes to account for GOM’s concerns—changes which are designed to better protect individuals returned to Mexico and ensure, among other things, timely and accurate notice about court hearings. In addition, the Department is evaluating what changes could be made to address the issues raised in the Red Team Report, to include changes announced by the December 2020 supplementary guidance to better ensure family unity, access to counsel during non-refoulement interviews, and assessment of vulnerability."
,,policy changes affecting marriage based green card interviews,3,0.030331,"USCIS proposes changes to Form G-325A, Biographic Information (for Deferred Action)","[""U.S. Citizenship and Immigration Services""]","[""Unspecified/Other""]","F. Please select the request type: Initial Request Subsequent Request Please select the filing type for your deferred action request: G. H. Government Referral (Other than a Labor Agency) 3. Supporting Statement Place of Birth Country 29.b. Place of Marriage Part 3. Employment Authorization No Yes I am requesting an Employment Authorization Document (EAD) upon being granted deferred action: 1. Page 3 of 6 Form G-325A Edition 10/24/24 Part 3. Employment Authorization (continued) If “Yes,” please provide the following information regarding your economic necessity for employment (this information is not required if you are requesting the SIJ DA filing type): 2.a. My current annual income is: 2.b. My current annual expenses are: The total current value of my assets is: 2.c. If you would like to provide an explanation regarding your current financial information or your economic need for employment authorization, please use this space below. If you need extra space to complete this section, use the space provided in Part 8. Additional Information. 2.d. Part 4. Social Security Card If you select “Yes” on Part 3. Employment Authorization, Item Number 1., please complete the following questions to receive a Social Security card through this process. If the below questions and questions in Part 1. are not completed, you will not receive a Social Security card through this process. No (Go to Part 5.) Yes (Complete Item Numbers 2. - 3.) Do you want the Social Security Administration (SSA) to issue you an original or replacement Social Security card?"
,,policy changes affecting marriage based green card interviews,4,0.030282,Reports that President will attempt to void birthright citizenship for children of undocumented parents via Executive Order,"[""Unspecified/Other""]","[""Unspecified/Other""]","Examples include: Permanent Resident Card/Green Card Foreign passport with the original I-551 visa entry stamp Your parents' marriage certiﬁcate (if your parents were married when you legally entered the U.S. and before your 18th birthday) Documentation of legal custody (if your parents were not married when you legally entered the U.S.) Evidence of your legitimation (if your parents were not married at the time of your birth). Examples include: Your parents' marriage certiﬁcate dated after your birth Certiﬁed court order of legitimation Please see U.S. Citizenship Laws & Policy for more information. U.S. Citizenship through Adoption U.S. Citizenship through Adoption If you were born outside the United States and acquired citizenship through adoption by a U.S. citizen parent while under the age of 16, please submit the following: Citizenship evidence of your U.S. citizen parent Your full and ﬁnal adoption decree Evidence of lawful entry for permanent residence (Examples: Child’s foreign passport containing an ADIT stamp or Form I-94! with the ADIT stamp and picture) Please see Child Citizenship Act of 2000 for more information. Request a File Search Request a File Search You may request a File Search instead of submitting evidence of U.S. Citizenship if: You have been issued a U.S. passport or Consular Report of Birth Abroad in the past and You can't submit it with your application The File Search fee is $150 and charged in addition to the normal application fees, payable to the Department of State."
,,policy changes affecting marriage based green card interviews,5,0.028950,DHS terminates Temporary Protected Status for Honduras,"[""U.S. Citizenship and Immigration Services""]","[""TPS""]","government officials. Some also live in fear of leaving the house, speaking their native language, or disclosing their nationality due to the racist targeting of non-white migrants. Harm to Plaintiffs 138. Plaintiff National TPS Alliance has over 1,000 Honduran, Nepali, and Nicaraguan TPS holder members. These members are anxious and desperate. If the United States will not allow them to stay, they do not know where they will go or what they will do. Among them: a) R.A. is 26 years old and a native of Nepal. She currently works as a labor and delivery nurse at a hospital in Austin, Texas. She specializes in caring for patients with high-risk pregnancies, and her employer has filed paperwork to sponsor her for a green card based on her specialized training and skills. However, R.A. must maintain lawful status and work authorization while her application is pending in order to be approved for her green card. As TPS is her only form of work authorization and immigration status, she is at risk of losing both her current status as well as the opportunity to obtain her green card. R.A. has lived in the United States since she was 16 years old, graduating from high school, community college, and nursing school. At the height of the COVID pandemic, prior to the availability of any vaccines, she was a front-line worker at a hospital, screening patients for possible COVID infections and escorting them to quarantine units. R.A.’s mother also resides in the United States and is a TPS holder."
,,changes to I-601 waiver adjudication standards,1,0.032522,USCIS updates policy on applying discretion in adjudications,[],[],"If the oﬀicer finds that the requestor does not meet the eligibility requirements but may be eligible for a waiver, exemption, or other form of relief, the oﬀicer should determine whether the requestor qualifies for a waiver, exemption, or other form of relief. Not all applications are concurrently filed, and in some instances, applicants must file a separate waiver application or application for relief and have that application approved before the applicant qualifies for the benefit. If the oﬀicer finds that the requestor meets the eligibility requirements because of an approved waiver, exemption, or other form of relief, the oﬀicer must then determine whether the request should be granted as a matter of discretion. If the oﬀicer finds that the requestor does not meet all applicable eligibility requirements, the oﬀicer can still include a discretionary analysis in the denial. The discretionary determination is the final step in the adjudication of a benefit request. Adding a discretionary analysis to a denial is useful if an appellate body on review disagrees with the oﬀicer’s conclusion that the requestor failed to meet the threshold eligibility requirements. In such a situation, the discretionary denial may still stand. 1. Basic Adjudication Steps Oﬀicers should generally follow a three-step process when adjudicating a benefit request involving a discretionary analysis. Basic Adjudication Steps Involving Discretion Step One Fact finding Step Two Determine whether requestor meets the threshold eligibility requirements Step Three Conduct discretionary analysis Fact Finding Fact finding refers to the process of gathering and assessing evidence."
,,changes to I-601 waiver adjudication standards,2,0.031498,"AG Bondi issues Matter of S-S-F-M-, restricting asylum claims based on domestic violence","[""Immigration and Customs Enforcement"", ""U.S. Citizenship and Immigration Services"", ""Attorney General"", ""Executive Office for Immigration Review""]","[""Asylum, Withholding and CAT"", ""Unspecified/Other""]","Having considered the case following remand from the Fifth Circuit, I conclude A-B- III was incorrect. I hereby reinstitute the legal standards articulated in A-B- I and A-B- II, and overrule A-B- III (and, by extension, Matter of A-R-C-G- and any decision issued in reliance thereupon). Furthermore, I remand this matter to the Board for adjudication in light of the standards articulated in A-B- I and A-B- II. In my view, A-B- I’s analysis and articulation of the standards for deciding asylum applications reflect the “best reading” of the statutory text “applying all relevant interpretive tools.” Loper Bright Enters. v. Raimondo, 603 U.S. 369, 400 (2024). A-B- III never stated otherwise. Instead, A-B- III abandoned the rules established in A-B- I and A-B- II in deference to an anticipated executive rulemaking that never occurred. But the reasons A-B- III gave for doing so are unpersuasive. First, A-B- III noted that A-B- I contains “broad language” that “could be read to create a strong presumption against asylum claims based on private conduct.” 28 I&N Dec. at 309. But A-B- I used that language for good reason: It has long been well-established that “[p]ersecution is something a government does,” Hor v. Gonzales, 400 F.3d 482, 485 (7th Cir. 2005), and Cite as 29 I&N Dec. 207 (A.G. 2025) Interim Decision #4123 page 209 so must be “inflicted either by the government of a country or by persons or an organization that the government was unable or unwilling to control.” Matter of Acosta, 19 I&N Dec."
,,changes to I-601 waiver adjudication standards,3,0.031319,"POTUS issues Presidential Proclamation, removing Chad from Travel Ban","[""Bureau of Consular Affairs""]","[""Visitor"", ""Unspecified/Other""]","(ii) The guidance issued by the Secretary of State and the Secretary of Homeland Security under this subsection shall address the standards, policies, and procedures for: (A) determining whether the entry of a foreign national would not pose a threat to the national security or public safety of the United States; (B) determining whether the entry of a foreign national would be in the national interest; (C) addressing and managing the risks of making such a determination in light of the inadequacies in information sharing, identity management, and other potential dangers posed by the nationals of individual countries subject to the restrictions and limitations imposed by this proclamation; (D) assessing whether the United States has access, at the time of the waiver determination, to suwicient information about the foreign national to determine whether entry would satisfy the requirements of subsection (i) of this subsection; and 11/7/2018 Presidential Proclamation Enhancing Vetting Capabilities and Processes for Detecting Attempted Entry Into the United States by Terrorists or Other Pub… https://www.whitehouse.gov/presidential-actions/presidential-proclamation-enhancing-vetting-capabilities-processes-detecting-attempted-entry-united-states-terrori… 14/20 (E) determining the special circumstances that would justify granting a waiver under subsection (iv)(E) of this subsection. (iii) Unless otherwise specified by the Secretary of Homeland Security, any waiver issued by a consular owicer as part of the visa adjudication process will be ewective both for the issuance of a visa and for any subsequent entry on that visa, but will leave unchanged all other requirements for admission or entry."
,,changes to I-601 waiver adjudication standards,4,0.030018,USCIS issues final rule on public charge inadmissibility grounds,"[""U.S. Citizenship and Immigration Services""]","[""Unspecified/Other"", ""Unspecified/Other""]","articulate the precise manner in which that evidence supports his or her claim.’” Carr v. Air Line Pilots Ass’n, Int’l, 866 F.3d 597, 601 (5th Cir. 2017) (per curiam) (quoting Ragas v. Tenn. Gas Pipeline Co., 136 F.3d 455, 458 (5th Cir. 1998)), as revised (July 14, 2017). If evidence is merely colorable or not significantly probative, summary judgment is appropriate. Parrish v. Premier Directional Drilling, L.P., 917 F.3d 369, 378 (5th Cir. 2019) (citing Anderson, 477 U.S. at 249–50, 106 S.Ct. at 2511). In reviewing a motion for summary judgment, the district court views the evidence in the light most favorable to the nonmovant. Carr, 866 F.3d at 601. This means that courts must resolve factual controversies in the nonmovant’s favor, “but only when . . . both parties have submitted evidence of contradictory facts.” Little, 37 F.3d at 1075. Case 6:23-cv-00001 Document 70 Filed on 09/30/24 in TXSD Page 7 of 15 8 III. DISCUSSION The Parties offer several arguments pertaining both to Texas’s standing as well as the merits of its case. The Court need not reach the merits because Texas has failed to establish standing. The standing doctrine has been distilled down to three parts. A plaintiff must demonstrate (1) that he has suffered an “injury in fact” that is “‘concrete and particularized’” as well as “‘actual or imminent,’” (2) that the injury is fairly traceable to the challenged conduct of the defendant, and (3) the injury is likely to be redressed by a favorable judicial decision."
,,changes to I-601 waiver adjudication standards,5,0.029857,ORR requires Director-level authorization of custodial releases of certain unaccompanied children,"[""Office of Refugee Resettlement""]","[""Detention"", ""Interior"", ""Minors""]","1/17/16 - Summary of changes: - All individuals undergoing a public records check will also undergo a sex offender registry check. - All non-sponsor adult household members and adult care givers identified in a sponsor care plan will undergo a public records check and a sex offender registry check. - A revised Family Reunification Application will collect the date of birth of household members and contact and biographic information of adult care givers identified in the sponsor care plan. This information is needed to perform the public records check and sex offender registry check. 3/31/16 - Clarified home study policies. 4/11/16 — Clarification that table represents minimum standards. 6/7/18 - Updates with changes to background checks by DHS and fingerprint and background check requirements 12/18/18 - Revised criteria and table to reflect changes to fingerprint submission requirements for some household members. 6/18/19 - Added a brief description of the transmission process for background checks, including identification of Federal and state agencies involved in the process. Removed requirement of DHS immigration status checks and criminal history checks. Revised/added fingerprint check criteria for category 1, 2A, and 2B sponsors. Revised CA/N check criteria for category 3 sponsors. 2.5.2 Results of Background Checks on Release Decisions 1/27/15 6/7/18 - Added information sharing policy to results of background checks 6/18/19 - Revised information sharing policy for results of background checks."
,,CBP inspection and admissibility policy changes,1,0.031498,"EO 14165 § 6 directs DHS, DOS, and DOJ to resume the Migrant Protection Protocols","[""Unspecified/Other"", ""Unspecified/Other"", ""Unspecified/Other""]","[""Border"", ""Asylum, Withholding and CAT""]","The Red Team Report emphasized the need for standard operating procedures to ensure consistency and address problems such as the use of a “pre-screening process” by CBP personnel at some locations that “preempt[ed] or prevent[ed]” USCIS from ever having cases referred for a determination.65 The report additionally noted that some CBP officials “pressure[d] USCIS to arrive at negative outcomes when interviewing migrants on their claim of fear of persecution or torture.”66 Moreover, throughout the use of MPP, more than 2,500 individuals raised fear claims at multiple points in this process, leading to multiple screenings for those individuals during the pendency of their cases.67 These kinds of unproductive, redundant screenings are a drain on resources that may be more likely to occur in MPP as individuals are returned to Mexico multiple times over the pendency of a single removal proceeding, often to unsafe conditions. For all these reasons, the Secretary has concluded that continuation of MPP in its prior form is not advisable. These concerns likely could be addressed by policy changes that require the affirmative asking, the use of a more appropriate screening standard that protects those who face a reasonable or significant possibility of persecution or torture upon return to Mexico, the opportunity for individuals to consult with counsel prior to screenings, and better training and oversight. But making these changes would likely lengthen the screenings and require DHS to devote additional asylum officers and detention space to these screenings, both of which are in short supply, especially as a result of challenges related to the COVID-19 pandemic."
,,CBP inspection and admissibility policy changes,2,0.031281,DHS deports DACA recipient returning with advance parole,"[""Customs and Border Protection"", ""Unspecified/Other""]","[""Border"", ""DACA""]","33. Upon returning to the United States, Mr. Cortez Martinez appeared for inspection at the port of entry at the airport in Dallas Fort Worth and tendered his documents to officers. He was then placed in secondary inspection and questioned. Mr. Cortez Martinez cooperated and truthfully answered all the officer’s questions. 34. At the conclusion of the interview, a CBP officer denied Mr. Cortez Martinez entry indicating that he was “inadmissible to the United States pursuant to section 212(a)(7)(A)(i)(I) of the INA as an immigrant without an immigrant visa based on the Case 3:25-cv-00801-X Document 1 Filed 04/02/25 Page 10 of 19 PageID 10 11 fact that [he had been] ordered removed in absentia on June 11, 20242.” They further determined that Mr. Cortez Martinez’s advance parole document “was issued in error,” and therefore he was subject to an expedited removal order for failing to be in possession of a valid entry document. 35. The sole basis for denying Mr. Cortez-Martinez entry into the US was based on CBP’s incorrect determination that the existence of a removal order in and of itself abated the ability of USCIS to issue a valid advance parole document. 36. Plaintiff was afforded no hearing, and no opportunity to contest CBP’s improper finding that his advance parole document was valid for entry. 37. Plaintiff’s lawfully obtained advance parole document, which was valid on it’s face, was then confiscated from Plaintiff by Defendants. No receipts were provided to Plaintiff to show that his property-one which he applied for, paid for and obtained from USCISwas being confiscated and kept by CBP officers."
,,CBP inspection and admissibility policy changes,3,0.030886,USCIS issues final rule on public charge inadmissibility grounds,"[""U.S. Citizenship and Immigration Services""]","[""Unspecified/Other"", ""Unspecified/Other""]","Additional information about the public charge ground of inadmissibility also remains available on the USCIS Public Charge Resources webpage. This guidance, contained in Volume 8 of the Policy Manual, is controlling and supersedes any related prior guidance on the topic. Policy Highlights • Incorporates information from the related appendices addressing applicability of the public charge ground of inadmissibility to help applicants for adjustment of status more easily identify the immigration categories to which the public charge ground of inadmissibility applies. Summary of Changes Affected Section: Volume 8 > Part G > Chapter 3 > Section B, Applicants for Adjustment of Status 1 The related appendices remain unchanged. To provide feedback on this update, email USCIS at policyfeedback@uscis.dhs.gov. PA-2023-20: Incorporating Guidance on Applicability of the Public Charge Ground of Inadmissibility Page: 2 • Revises section in its entirety, to include the addition of various tables listing the categories of adjustment of status applicants subject to the public charge ground of inadmissibility. USCIS may also make other minor technical, stylistic, and conforming changes consistent with this update. Citation Volume 8: Admissibility, Part G, Public Charge Ground of Inadmissibility, Chapter 3, Applicability [8 USCIS-PM G.3]."
,,CBP inspection and admissibility policy changes,4,0.030366,ORR requires Director-level authorization of custodial releases of certain unaccompanied children,"[""Office of Refugee Resettlement""]","[""Detention"", ""Interior"", ""Minors""]","1/17/16 - Summary of changes: - All individuals undergoing a public records check will also undergo a sex offender registry check. - All non-sponsor adult household members and adult care givers identified in a sponsor care plan will undergo a public records check and a sex offender registry check. - A revised Family Reunification Application will collect the date of birth of household members and contact and biographic information of adult care givers identified in the sponsor care plan. This information is needed to perform the public records check and sex offender registry check. 3/31/16 - Clarified home study policies. 4/11/16 — Clarification that table represents minimum standards. 6/7/18 - Updates with changes to background checks by DHS and fingerprint and background check requirements 12/18/18 - Revised criteria and table to reflect changes to fingerprint submission requirements for some household members. 6/18/19 - Added a brief description of the transmission process for background checks, including identification of Federal and state agencies involved in the process. Removed requirement of DHS immigration status checks and criminal history checks. Revised/added fingerprint check criteria for category 1, 2A, and 2B sponsors. Revised CA/N check criteria for category 3 sponsors. 2.5.2 Results of Background Checks on Release Decisions 1/27/15 6/7/18 - Added information sharing policy to results of background checks 6/18/19 - Revised information sharing policy for results of background checks."
,,CBP inspection and admissibility policy changes,5,0.030310,"EO 14165 § 7(b) directs termination of ""categorical parole programs"" including CHNV Parole Processes","[""Customs and Border Protection"", ""U.S. Citizenship and Immigration Services"", ""Unspecified/Other""]","[""Unspecified/Other""]","80. Per its data, CBP encountered at the southern border more than 600,000 nationals from Cuba, Haiti, Nicaragua, and Venezuela combined in fiscal year 2022—comprising more than forty percent of all migrants CBP encountered at the border that year. 81. The marked increase in the number of nationals of these four countries arriving at the southern border put considerable strain on CBP operations, causing it to divert resources and to provide sub-standard care to those migrants. 82. As with the Ukrainians coming to the southern border discussed above, many (if not most) of the Cubans, Haitians, Nicaraguans, and Venezuelans who came to the border during this period were paroled into the United States. 83. In October 2022, the Biden Administration created a parole process for Venezuelans. DHS, Implementation of a Parole Process for Venezuelans, 87 Fed. Reg. 63507 (Oct. 19, 2022). Approximately two months later, and in light of the success of the Venezuelan parole process, the Biden Administration expanded the parole process for Venezuelans, DHS, Implementation of Changes to the Parole Process for Venezuelans, 88 Fed. Reg. 1279 (Jan. 9, 2023); and created similar parole processes for nationals of Cuba, Haiti, and Nicaragua, DHS, Implementation of a Parole Process for Cubans, 88 Fed. Reg. 1266 (Jan. 9, 2023); DHS, Implementation of a Parole Process for Haitians, 88 Fed. Reg. 1243 (Jan. 9, 2023); DHS, Implementation of a Parole Process for Nicaraguans, 88 Fed. Reg. 1255 (Jan. 9, 2023)."
,,changes to visa overstay enforcement policies,1,0.031545,"State Department Announces Visa Restrictions for Foreign Officials and Others ""Facilitating Illegal Migration""","[""Bureau of Consular Affairs"", ""Unspecified/Other""]","[""Unspecified/Other"", ""Unspecified/Other""]","Securing our nation’s borders is critically important to making America safer, stronger, and more prosperous. Countries along migratory routes must do their part to prevent and deter the transit of aliens seeking to illegally enter the United States. Today, I am announcing a new visa restriction policy that will apply to foreign government officials, including immigration and customs officials, airport and port authority officials, and others believed to be responsible for knowingly facilitating illegal immigration to the United States, including through failure to enforce immigration laws or establishing and implementing policies and practices that knowingly facilitate the transit of aliens intending to illegally immigrate into the United States via the U.S. southwest border. This new policy will complement our existing 3C policy, expanded in 2024, pertaining to private sector actors who knowingly provide transportation and travel services designed primarily for illegal aliens traveling to the United States. These measures will continue until those officials take responsibility for ensuring there are policies in place and existing laws are enforced to prevent the transit of such individuals. America will not back down when it comes to defending our national security interests. This visa restriction policy is pursuant to Section 212(a)(3)(C) of the Immigration and Nationality Act, which Home > O!ce of the Spokesperson > Press Releases > Announcement of a Visa Restriction Policy Targeting Foreign O""cials and Others Facilitating Illegal Migration into the United States PRESS STATEMENT MARCO RUBIO, SECRETARY OF STATE MARCH 5, 2025 Announcement of a Visa Restriction Policy Targeting Foreign Officials and Others Facilitating Illegal Migration into the United States An o""cial website of the United States Government Here's how you know      ✉ POLICY ISSUES COUNTRIES & AREAS BUREAUS & OFFICES ABOUT search Newsroom Business Employees Job Seekers Students Travelers Visas"
,,changes to visa overstay enforcement policies,2,0.031054,"EO 14165 § 7(b) directs termination of ""categorical parole programs"" including CHNV Parole Processes","[""Customs and Border Protection"", ""U.S. Citizenship and Immigration Services"", ""Unspecified/Other""]","[""Unspecified/Other""]","11, 2023); Implementation of Changes to the Haitian Family Reunification Parole Process, 88 FR 54635 (Aug. 11, 2023); Implementation of the Uniting for Ukraine Parole Process (Apr. 27, 2022). 2 For additional details on the fraud found in the CHNV parole process, see Interim Staff Report of the Committee on the Judiciary and Subcommittee on Immigration Integrity, Security, and Enforcement (November 20, 2024). 3 See, Securing Our Borders, Executive Order 14165, 90 FR 8467, 8468 (Jan. 20, 2025) available at (last viewed Jan. 28, 2025). Case 1:25-cv-10495-IT Document 41-3 Filed 03/21/25 Page 3 of 4 &KZK&&//>h^KE>z requiring DHS to identify all resources that may be used to ensure that all aliens seeking admission to the U.S., or who are already in the U.S., are screened and vetted to the maximum degree possible and re-establish a uniform baseline for screening and vetting standards and procedures, consistent with the uniform baseline that existed on January 19, 2021, that will be used for any alien seeking a visa or immigration benefit of any kind.4 Currently, fraud information and public safety or national security concerns are not being properly flagged in USCIS’ adjudicative systems. The procedures that the parolees under these categorical parole programs underwent may not constitute screening and vetting to the maximum degree possible or comport with the uniform baseline for screening and vetting standards and procedures that existed on January 19, 2021, both of which are required per EO 14161."
,,changes to visa overstay enforcement policies,3,0.030579,"EO 14165 § 6 directs DHS, DOS, and DOJ to resume the Migrant Protection Protocols","[""Unspecified/Other"", ""Unspecified/Other"", ""Unspecified/Other""]","[""Border"", ""Asylum, Withholding and CAT""]","Moreover, the Secretary has his own independent and significant concerns about the prior implementation of MPP, including concerns about the safety and security of those returned to Mexico, deficiencies in the non-refoulement interview process, barriers to access to counsel, and the ways in which reimplementation of MPP would divert from other Administration goals and result in significant burdens for the Department that would limit DHS’s opportunities to make other needed reforms consistent with this Administration’s policy priorities. In light of these concerns, the Secretary has decided not to resume MPP in precisely the same form as it previously existed, even if were a viable option. As an alternative, the Secretary considered a modified implementation and enforcement plan, in the manner that the Administration is planning to start doing in the coming weeks— pending an independent decision by the GOM to facilitate returns—in order to comply with the district court’s order. As the Department moves to reimplement, it is making changes to account for GOM’s concerns—changes which are designed to better protect individuals returned to Mexico and ensure, among other things, timely and accurate notice about court hearings. In addition, the Department is evaluating what changes could be made to address the issues raised in the Red Team Report, to include changes announced by the December 2020 supplementary guidance to better ensure family unity, access to counsel during non-refoulement interviews, and assessment of vulnerability."
,,changes to visa overstay enforcement policies,4,0.030018,"POTUS issues Presidential Proclamation 9983, adding six new countries to Travel Ban","[""Customs and Border Protection"", ""U.S. Citizenship and Immigration Services"", ""Bureau of Consular Affairs""]","[""Unspecified/Other""]","2. Scope and Implementation of Suspensions and Limitations. (a) Subject to the exceptions set forth in section 3(b) of Proclamation 9645, any waiver under section 3(c) of Proclamation 9645, and any enforcement provision of section 6(b) through (e) of Proclamation 9645, the suspensions of and limitations on entry pursuant to section 1(b) of this proclamation shall apply to foreign nationals of the designated countries who: (i) are outside the United States on the applicable ewective date of this proclamation; (ii) do not have a valid visa on the applicable ewective date of this proclamation; and (iii) do not qualify for a visa or other valid travel document under section 6(d) of Proclamation 9645. (b) The Secretary of State and the Secretary of Homeland Security shall coordinate to update guidance, if necessary, to implement this proclamation as to nationals of the six countries identified in section 1(b) of this proclamation, consistent with the provisions of this section. (c) For purposes of this proclamation, the phrase “Special Immigrants whose eligibility is based on having provided assistance to the United States Government” means those aliens described in section 101(a)(27)(D) through (G) and (K) of the INA, 8 U.S.C. 1101(a)(27)(D) through (G) and (K), any alien seeking to enter the United States pursuant to a Special Immigrant Visa in the SI or SQ classification, and any spouse and children of any such individual. Sec. 3. Reporting Requirements. (a) Section 4 of Proclamation 9645 is amended to read as follows: “Sec."
,,changes to visa overstay enforcement policies,5,0.029514,ORR requires Director-level authorization of custodial releases of certain unaccompanied children,"[""Office of Refugee Resettlement""]","[""Detention"", ""Interior"", ""Minors""]","Requests by the home study provider to extend beyond 10 calendar days or to cancel a home study must be submitted in writing to the ORR Federal Field Specialist for consideration. Amended the policy to require home study providers to conduct home studies in-person but, in the event of exceptional circumstances, permit ORR to approve virtual home studies. 3/28/23 — Reformatted ORR mandatory home study requirements into bullet points. Clarified in Footnote 6 that the ORR Director delegates final authority for approving discretionary home studies to ORR/FFS Supervisors who act as agents of HHS/ORR. Clarified that ORR/FFS act as agents of HHS/ORR to approve all release requests. 2.4.3 Additional Q&A on Topic 1/27/15 Not Applicable 2.5 ORR Policies on Requesting Background Checks of Sponsors 1/27/15 1/17/16 - Added the note that an Authorization for Release of Information is no longer required to perform either a public records check or sex offender registry check. 6/7/18 - Updated background check policies 12/18/18 - Added “when applicable” to fingerprint submission requirements to reflect changes to background check policies. 6/18/19 - Renamed section and revised wording to provide clarity. 2.5.1 Criteria for Background Checks 1/27/15 3/23/15 - Added requirement that all Category 3 sponsors must undergo Child Abuse and Neglect Checks. 1/17/16 - Summary of changes: - All individuals undergoing a public records check will also undergo a sex offender registry check. - All non-sponsor adult household members and adult care givers identified in a sponsor care plan will undergo a public records check and a sex offender registry check."
,,administrative processing delays consular policy,1,0.032522,State Department issues final rule implementing Adoptive Family Relief Act,"[""Unspecified/Other""]","[""Minors"", ""Unspecified/Other""]","214) and Peace Corps Volunteers and Leaders (22 U.S.C. 2504(h)) proceeding abroad or returning to the United States in the discharge of their official duties. NO FEE. (b) U.S. citizen seamen who require a passport in connection with their duties aboard an American flag vessel (22 U.S.C. 214(a)). NO FEE. (c) Widows, children, parents, or siblings of deceased members of the Armed Forces proceeding abroad to visit the graves of such members (22 U.S.C. 214(a)). NO FEE. (d) Employees of the American National Red Cross proceeding abroad as members of the Armed Forces of the United States (10 U.S.C. 2602(c)). NO FEE. 5. Travel Letter: Provided in rare, life-or-death situations as an emergency accommodation to a U.S. citizen returning to the United States when the consular officer is unable to issue a passport book. NO FEE unless consular time charges (Item 75) apply. 6. File search and verification of U.S. citizenship: When applicant has not presented evidence of citizenship and previous records must be searched (except for an applicant abroad whose passport was stolen or lost abroad or when one of the exemptions is applicable). $150. 7. Application for Consular Report of Birth Abroad of a Citizen of the United States ............................ $100. 8. Administrative Processing of Request for Certificate of Loss of Nationality ....................................... 2,350 9. Passport Card Application Services for: (a) Applicants age 16 or over (including renewals) [Adult Passport Card] ..............................."
,,administrative processing delays consular policy,2,0.031514,"EO 14165 § 7(b) directs termination of ""categorical parole programs"" including CHNV Parole Processes","[""Customs and Border Protection"", ""U.S. Citizenship and Immigration Services"", ""Unspecified/Other""]","[""Unspecified/Other""]","8 The Federal Register Notice stated that parolees may apply for re-parole, which would be adjudicated and may be approved on a case-by-case basis, by filing Form I-131 and “must demonstrate urgent humanitarian reasons or significant public benefit specific to his or her case and that he or she merits a favorable exercise of discretion for parole[.]” Termination of Family Reunification Parole Processes, 90 Fed. Reg. at 58043. Case 1:25-cv-10495-IT Document 258 Filed 01/25/26 Page 6 of 42 7 Id. The Federal Register Notice acknowledged further that the programs sought to promote family unity by providing a faster pathway for United States citizens and lawful permanent residents to reunite with family members while awaiting availability of their immigrant visas. Id. DHS acknowledged “that aliens paroled into the United States under the FRP programs may have been able to reunite with family members in the United States.” Id. DHS concluded, however, that “that national security and fraud concerns, and the current Administration’s priorities outweigh[ed] those interests” and supported termination. Id. As to national security, the Federal Register Notice compared the FRP Programs’ vetting process to that of individuals pursuing lawful permanent resident status through consular processing. Id. In the latter case, applicants’ consular processing requires “an in-person interview outside the United States, and submission of various documents to establish the necessary family relationship with the petitioner[,]” while still outside of the United States."
,,administrative processing delays consular policy,3,0.031025,EOIR Director issues guidance to restrict continuances,"[""Executive Office for Immigration Review""]","[""Unspecified/Other""]","• EOIR has no policy mandating or requiring Immigration Judges to grant a continuance for any reason in any particular case or circumstance, except where a continuance is required by binding law. See PM 20-07, Case Management and Docketing Practices at 5 (Jan. 31, 2020). EOIR management does not possess authority to direct the result of an adjudication by an Immigration Judge by directing the Judge to grant or deny a continuance request in specific cases. • Consistent with former OPPM 17-01, continuances based on requests made by the U.S. Department of Homeland Security (DHS) should be comparatively rare. o Consistent with OPPM 05-03, Background and Security Investigations in proceedings Before Immigration Judges and the Board of Immigration Appeals (Mar. 28, 2005) and PM 21-06, Asylum Processing (Dec. 4, 2020), a failure by DHS to report on the completion and results of relevant investigations and examinations does not require a continuance of the hearing, though Immigration Judges may not grant certain applications until the results of those investigations and examinations have been reported. 8 C.F.R. § 1003.47.2 o Consistent with PM 20-07, EOIR has no policy requiring an Immigration Judge to grant a continuance if a DHS attorney does not appear for a hearing or does not possess that agency’s administrative file at the hearing. • The general standard for a continuance is good cause, 8 C.F.R. § 1003.29. By statute, however, “[i]n the absence of exceptional circumstances, final administrative adjudication of [an] asylum application, not including administrative appeal, shall be completed within 180 days after the date an application is filed.” INA § 208(d)(5)(A)(iii)."
,,administrative processing delays consular policy,4,0.029911,"State Department Announces Visa Restrictions for Foreign Officials and Others ""Facilitating Illegal Migration""","[""Bureau of Consular Affairs"", ""Unspecified/Other""]","[""Unspecified/Other"", ""Unspecified/Other""]","This visa restriction policy is pursuant to Section 212(a)(3)(C) of the Immigration and Nationality Act, which Home > O!ce of the Spokesperson > Press Releases > Announcement of a Visa Restriction Policy Targeting Foreign O""cials and Others Facilitating Illegal Migration into the United States PRESS STATEMENT MARCO RUBIO, SECRETARY OF STATE MARCH 5, 2025 Announcement of a Visa Restriction Policy Targeting Foreign Officials and Others Facilitating Illegal Migration into the United States An o""cial website of the United States Government Here's how you know      ✉ POLICY ISSUES COUNTRIES & AREAS BUREAUS & OFFICES ABOUT search Newsroom Business Employees Job Seekers Students Travelers Visas White House USA.govO!ce of the Inspector General ArchivesContact Us FOLLOW US Privacy Policy Accessibility Statement Copyright Information FOIA No FEAR Act      ✉ authorizes the Secretary of State to render inadmissible any alien whose entry into the Unites States “would have potentially serious adverse foreign policy consequences for the United States.” Certain family members may also be covered by these restrictions. Bureau of Consular A!airs O""ce of the Spokesperson The Secretary of State TAGS"
,,administrative processing delays consular policy,5,0.029631,State Department orders resettlement agencies to stop funded work supporting refugees currently in the U.S.,"[""Unspecified/Other""]","[""Refugees"", ""Unspecified/Other""]","The Defunding of the USRAP, including the Termination Notices, the Suspension Notices, and the Sub Silentio Suspension, is arbitrary and capricious because Defendants failed to consider the relevant factors, articulate a rational connection between the facts found and the choices made, show there are good reasons for the change in policy, consider important aspects of the problem, including serious reliance interests, and consider reasonable alternatives within the ambit of the existing policy. The Sub Silentio Suspension is arbitrary and capricious for the additional reason that it is a sub silentio policy change. 248. The Defunding of the USRAP is also contrary to law because it is contrary to Congress’s statutory scheme governing refugee processing and admissions, refugee resettlement, and SIV resettlement, and Defendants have also failed to follow its own policies, procedures, and regulations. 249. The Defunding of the USRAP constitutes a legislative rule issued without observance of the notice and comment procedure required by 5 U.S.C. § 553. Case 2:25-cv-00255-JNW Document 56 Filed 03/05/25 Page 45 of 49 FIRST SUPPL. COMPL. FOR DECLARATORY & INJUNCTIVE RELIEF – 46 (No. 2:25-cv-255-JNW) Perkins Coie LLP 1201 Third Avenue, Suite 4900 Seattle, Washington 98101-3099 Phone: +1.206.359.8000 Fax: +1.206.359.9000 1 2 3 4 5 6 7 8 9 10 11 12 13 14 15 16 17 18 19 20 21 22 23 24 25 26 250. The Defunding of the USRAP must therefore be set aside pursuant to the Administrative Procedure Act."
,,changes to cancellation of removal eligibility standards,1,0.032522,"EOIR issues guidance on Pereira v. Sessions, announcing changes in NTA filings and case scheduling","[""Customs and Border Protection"", ""Immigration and Customs Enforcement"", ""U.S. Citizenship and Immigration Services"", ""Executive Office for Immigration Review""]","[""Unspecified/Other""]","The respondent, therefore, maintains that she is not inadmissible as charged under section 212(a)(6)(A)(i) of the Act and that she is eligible for cancellation of removal, adjustment of status, and voluntary departure. We review these issues of jurisdiction, removability, and the respondent’s eligibility for the requested relief de novo. See 8 C.F.R. § 1003.1(d)(3)(ii) (2021). For the reasons set forth below, we affirm the Immigration Judge’s decision. II. DISCUSSION A. Jurisdiction We reject the respondent’s assertion that the Immigration Court lacked jurisdiction over her removal proceedings under Pereira because she was served with an NTA that did not include the time and place of her initial removal hearing. In Pereira, the Supreme Court emphasized the narrowness of its holding, which stated that “[a] putative notice to appear that fails to Cite as 28 I&N Dec. 388 (BIA 2021) Interim Decision #4028 390 designate the specific time or place of [a] noncitizen’s removal [hearing] is not a ‘notice to appear under [section 239(a) of the Act, 8 U.S.C. § 1229(a) (2018),]’ and so does not trigger the stop-time rule” for terminating a noncitizen’s continuous physical presence for purposes of cancellation of removal. Pereira, 138 S. Ct. at 2114–15 (quoting section 240A(d)(1) of the Act). We explained in Matter of Bermudez-Cota, 27 I&N Dec. 441, 443 (BIA 2018), that the “narrow” holding of Pereira specifically related to the “stop-time” rule, and we observed that “the Court did not purport to invalidate the [noncitizen’s] underlying removal proceedings or suggest that proceedings should be terminated.” We noted that while 8 C.F.R."
,,changes to cancellation of removal eligibility standards,2,0.032266,EOIR issues guidance on adjustment of status eligibility for certain Liberians under the NDAA,"[""Unspecified/Other"", ""Executive Office for Immigration Review""]","[""Unspecified/Other""]","§ 761 l(i)(2). Thus, for aliens currently in proceedings who have other applications for status ( e.g. asylum, adjustment of status, cancellation of removal for certain nonpermanent residents, Temporary Protected Status) pending before an immigration judge, those cases should not be placed on a status docket, and immigration judges should proceed with adjudicating those applications unless the alien indicates that he or she no longer wishes to seek such status. For cases pending at the Board involving non-detained aliens currently in proceedings who: (1) have established prima facie eligibility for adjustment of status pursuant to NDAA § § 7611 (b )(1 )­ (3) and (c)(l)-(2); and (2) have submitted an application to DHS for such adjustment of status and provided proof of such submission, the Board will complete the record of appeal, including the receipt of briefs by the parties. The Board should proceed with the disposition of the appeal if the Board's decision will either: (1) terminate, or affirm the termination of, proceedings against the alien; or (2) grant, or affirm the grant of, relief! (except voluntary departure) or Temporary Matter ofYauri, 25 I&N Dec. 103, 107 & 110 (BIA 2009) (""We have long been of the view that administratively final exclusion, deportation, or removal proceedings should not be reopened for matters over which neither the Immigration Judge nor the Board has jurisdiction, and that referencing the absence of such jurisdiction was a rational basis in itself to decline to reopen proceedings ..."
,,changes to cancellation of removal eligibility standards,3,0.030214,EOIR and USCIS issue communicable-disease security bars to asylum and withholding eligibility,"[""Customs and Border Protection"", ""U.S. Citizenship and Immigration Services"", ""Unspecified/Other"", ""Executive Office for Immigration Review""]","[""Asylum, Withholding and CAT""]","EOIR and USCIS issue final rule adding public health-related bars to asylum eligibility. The final rule implements three changes: - Expands the ""danger to the security of the United States"" bar to asylum eligibility to include public-health crises (""emergency public health concerns generated by a communicable disease""); - Provides for ""streamlining screening for potential eligibility for deferral of removal in the expedited removal process"" for noncitizens determined ineligible for asylum based on the third country transit rule; and - Authorizes DHS to place noncitizens found ineligible for asylum or withholding under the third country transit rule or under the ""danger to the security of the United States"" bar into asylum-and-withholding only proceedings, or to remove such individuals to a third country. The rule was signed by Chad Mizelle, Senior Official Performing the Duties of the General Counsel, on behalf of Acting Secretary Wolf, and by EOIR Director James McHenry. [ID #983]"
,,changes to cancellation of removal eligibility standards,4,0.029437,EOIR Director issues guidance to restrict continuances,"[""Executive Office for Immigration Review""]","[""Unspecified/Other""]",". .Given that Maldonado-Guzman’s right to be heard was not prejudiced by the denial of a continuance on removal proceedings, he has failed to establish a violation of the Due Process Clause.” (cleaned up)). • Category (2) status-docket cases generally warrant continuances until they can be resolved. See generally PM 19-13, Use of Status Dockets at (Aug. 16, 2019) at 2. o Cases in which an Immigration Judge intends to grant cancellation of removal for certain nonpermanent residents pursuant to INA § 240A(b), which are subject to an annual statutory cap of 4000, should be continued if the cap has been reached for the year and that application is the only one the alien has filed. 8 C.F.R. § 1240.21(c)(1); see also OPPM 17-04, Applications for Cancellation of Removal or Suspension of Deportation that are Subject to the Cap (Dec. 20, 2017). o Cases in which an alien otherwise prima facie eligible for adjustment of status before an Immigration Judge in the United States had an immediately-available visa at the time the adjustment of status application was filed with the immigration court but the visa category subsequently retrogressed by the time of the hearing, should be held in abeyance. Matter of Briones, 24 I&N Dec. 355, 357 n.3 (BIA 2007). 4The Board did not address visa availability—or the remoteness of such availability—in Matter of Sanchez Sosa, as it appears that the annual statutory cap on U visas had not been reached at the time the decision was issued. 5 • By statute, “[i]n order that an alien be permitted the opportunity to secure counsel before the first hearing date in proceedings under section 240 of the Act, the hearing date shall not be scheduled earlier than 10 days after the service of the notice to appear, unless the alien requests in writing an earlier hearing date.” INA § 239(b)(1)."
,,changes to cancellation of removal eligibility standards,5,0.029324,HHS issues notice excluding undocumented immigrants from additional federal benefits,"[""Unspecified/Other""]","[""Unspecified/Other""]","467. The Head Start Act directs that “[t]he Secretary shall by regulation prescribe eligibility for the participation of persons in Head Start programs assisted under this subchapter” and enumerates certain requirements for the “Criteria for eligibility,” 42 U.S.C. § 9840(a)(1)(A). The Immigrant Exclusion Directive changes the criteria for eligibility but failed to do so “by regulation” as required by the Head Start Act. 468. Although the Immigrant Exclusion Directive modifies the eligibility criteria without enacting a regulation, it nonetheless is a “rule” that “effects ‘a substantive regulatory change’ to the statutory or regulatory regime.” Elec. Priv. Info. Ctr. v. U.S. Dep’t of Homeland Sec., 653 F.3d 1, 6–7 (D.C. Cir. 2011) (quoting U.S. Telecom Ass’n v. F.C.C., 400 F.3d 29, 34– 40 (D.C. Cir. 2005)). The Immigrant Exclusion Directive imposes new legal obligations on Plaintiffs that appear on their faces to be binding. “It commands, it requires, it orders, it dictates.” Appalachian Power Co. v. E.P.A., 208 F.3d 1015, 1023 (D.C. Cir. 2000). 469. Defendants do not meet the “good cause” exception, 5 U.S.C. 553(b)(4)(B), which is to be “narrowly construed and only reluctantly countenanced.” East Bay Sanctuary Covenant v. Trump, 909 F.3d 1219, 1253 (9th Cir. 2018) (quotation marks and internal citation omitted). “[N]otice and public procedure” are not “impracticable, unnecessary, or contrary to the public interest.” 5 U.S.C. 553(b)(4)(B). 470. The Head Start Act also requires that “[a]t least 30 days prior to their effective date, all rules, regulations, and application forms shall be published in the Federal Register and shall be sent to each grantee with the notification that each such grantee has the right to submit comments pertaining thereto to the Secretary prior to the final adoption thereof."
,,DHS policy on administrative closure immigration court,1,0.032787,"EOIR issues guidance on Pereira v. Sessions, announcing changes in NTA filings and case scheduling","[""Customs and Border Protection"", ""Immigration and Customs Enforcement"", ""U.S. Citizenship and Immigration Services"", ""Executive Office for Immigration Review""]","[""Unspecified/Other""]","The appeal will be dismissed and the motion to terminate will be denied. The respondent is a native and citizen of Mexico who arrived in the United States on or about April 30, 1991, without being admitted or paroled. On August 28, 2013, the respondent was personally served with a notice to appear, which ordered him “to appear before an immigration judge of the United States Department of Justice . . . on a date to be set at a time to be set.” The respondent conceded in written pleadings that he was properly served with the August 28, 2013, notice to appear. On September 9, 2013, the Tucson, Arizona, Immigration Court mailed a notice of hearing to the address the respondent had provided to immigration authorities. This notice provided that the respondent’s hearing was scheduled to take place on May 13, 2014, at 1:00 p.m. at 300 West Congress Street, Suite 300, Tucson, Arizona, 85701. The respondent appeared at this and numerous subsequent hearings. Cite as 27 I&N Dec. 441 (BIA 2018) Interim Decision #3935 442 At his last hearing on October 3, 2017, the respondent sought a continuance or administrative closure based on his potential eligibility for adjustment of status. The Immigration Judge denied his requests for a continuance and administrative closure. However, he granted the respondent voluntary departure. The respondent timely appealed from this decision and filed a motion to terminate while his appeal was pending. We will address his motion first. The respondent argues that his proceedings should be terminated in light of the Supreme Court’s recent decision in Pereira v."
,,DHS policy on administrative closure immigration court,2,0.030622,"EO 14165 § 6 directs DHS, DOS, and DOJ to resume the Migrant Protection Protocols","[""Unspecified/Other"", ""Unspecified/Other"", ""Unspecified/Other""]","[""Border"", ""Asylum, Withholding and CAT""]","U.S. Department of Homeland Security Last Updated: 01/21/2025 DHS Reinstates Migrant Protection Protocols, Allowing Officials to Return Applicants to Neighboring Countries Release Date: January 21, 2025 WASHINGTON – The Department of Homeland Security (DHS) Acting Secretary Benjamine Huffman reinstated the Migrant Protection Protocols (MPP) effective immediately. On January 25, 2019, Department of Homeland Security (DHS) Secretary Kirstjen Nielsen issued Policy Guidance for Implementation of the Migrant Protection Protocols (the MPP Policy). The MPP Policy is an exercise of the authority granted to DHS pursuant to Section 235(b)(2)(c) of the Immigration and Nationality Act (INA). That authority permits the Secretary of DHS to return certain applicants for admission to the adjoining country from which they are arriving pending the completion of removal proceedings pursuant to Section 240 of the INA. Between Jan. 20, 2021, and Oct. 29, 2021, Acting Secretary David Pekoske, and later Secretary Alejandro Mayorkas, repeatedly attempted to suspend or terminate the MPP Policy. Following a series of legal actions, Secretary Mayorkas’s final attempt to terminate the MPP Policy was stayed by a federal court. See Order Granting Stay, Texas v. Biden, 2:21-cv-67 (N.D. Tex. Dec. 15, 2022). The Department of Justice, seven months after that stay was entered, voluntarily dismissed the federal government’s appeal, acquiescing to keeping the MPP Policy in effect for the foreseeable future. See Texas v."
,,DHS policy on administrative closure immigration court,3,0.030536,"EO 14165 § 7(b) directs termination of ""categorical parole programs"" including CHNV Parole Processes","[""Customs and Border Protection"", ""U.S. Citizenship and Immigration Services"", ""Unspecified/Other""]","[""Unspecified/Other""]","§ 1182(d)(5); c. Formulate a plan for phasing out any such instructions, policies, procedures, rules, and regulations, accompanied by a proposal and timeline for any necessary public notices to be published pursuant to the terms of the Administrative Procedure Act or any other applicable law; d. Provide the Secretary of DHS with a report summarizing the results of the following reviews and inquiries. (2) Pending the review contemplated by paragraph (1), DHS Components have discretion to pause, modify, or terminate any parole program described in paragraph (1) to the extent: a. The policy was not promulgated pursuant to the procedural requirements of the Administrative Procedure Act or any comparable scheme; b. The DHS Component can do so in a manner that protects any legitimate reliance interests; and c. Doing so is otherwise consistent with applicable statutes, regulations, and court orders. The purpose of this memorandum is to ensure that all future actions taken by DHS with regard to the exercise of the parole authority are consistent with law and within the scope of DHS's authority ..Having said that, should any court disagree with the interpretation of the parole statute articulated in this memorandum, I clarify that 1 am also implementing this policy as a matter of my discretion to deny parole in any circumstance. Case 1:25-cv-10495-IT Document 41-1 Filed 03/21/25 Page 3 of 3"
,,DHS policy on administrative closure immigration court,4,0.029958,EOIR Acting Deputy Director issues guidance on the handling of classified information in EOIR proceedings,"[""Executive Office for Immigration Review""]","[""Unspecified/Other""]","EOIR Acting Deputy Director Roman Chaban issues Policy Memorandum (PM) 25-37 to ""[c]onsolidate and update EOIR policies regarding the handling of classified information in EOIR adjudicatory proceedings"" and adds OCAHO to the procedures and rules that already apply to the Immigration Courts and the BIA. To effect that consolidation, this PM rescinds, cancels, and supersedes the Office of the Chief Immigration Judge (OCIJ) Operating Policies and Procedures Memoranda (OPPM) 24-01, Classified Information in Immigration Court Proceedings, and BIA OPPM 24-01, Classified Information at the Board of Immigration Appeals. The PM incorporates most of the information contained in those two memos. The PM also makes it clear that DHS, not the IJ or the BIA, controls when evidence can be released to the respondent. Trump 2.0 [ID #2084]"
,,DHS policy on administrative closure immigration court,5,0.029857,USCIS issues final rule on public charge inadmissibility grounds,"[""U.S. Citizenship and Immigration Services""]","[""Unspecified/Other"", ""Unspecified/Other""]","U.S. Department of Homeland Security U.S. Citizenship and Immigration Services www.uscis.gov U.S. Citizenship and Immigration Services Office of the Director (MS 2000) Washington, DC 20529-2000 February 5, 2020 PA-2020-04 Policy Alert SUBJECT: Public Charge Ground of Inadmissibility Purpose U.S. Citizenship and Immigration Services (USCIS) is issuing guidance in the USCIS Policy Manual to address the Inadmissibility on Public Charge Grounds Final Rule.1 Background Under section 212(a)(4) of the Immigration and Nationality Act (INA), an alien who is likely at any time to become a public charge is inadmissible.2 USCIS published the Inadmissibility on Public Charge Grounds Final Rule on August 14, 2019, with an effective date of October 15, 2019. The Final Rule was subsequently enjoined by several federal courts. On January 27, 2020, the Supreme Court of the United States stayed the last nationwide injunction allowing the Department of Homeland Security (DHS) to implement the Final Rule everywhere except for the State of Illinois, where the Final Rule remains enjoined.3 DHS has renewed its request for a stay of the Illinois injunction from the U.S. Court of Appeals for the Seventh Circuit in light of the Supreme Court decision. The public charge inadmissibility ground and the Final Rule reflect Congress’ longstanding national immigration policy that aliens seeking to come to or remain in the United States are self-sufficient and will not rely on public benefits, as defined in the Final Rule."
,,USCIS policy changes affecting adjustment of status under INA 245(a) and 245(k),1,0.032787,USCIS updates policy on applying discretion in adjudications,[],[],"For more information on how to conduct a discretionary analysis in the context of an adjustment application, see Volume 7, Adjustment of Status, Part A, Adjustment of Status Policies and Procedures, Chapter 10, Legal Analysis and Use of Discretion [7 USCIS-PM A.10]. [^ 21] See, for example, INA 245(a) and INA 209(b). Exceptions include adjustment of status based on Nicaraguan Adjustment and Central American Relief Act of 1997 (NACARA), Title II of Pub. L. 105-100 Chapter 8 - Discretionary Analysis | USCIS https://www.uscis.gov/policy-manual/volume-1-part-e-chapter-8 12 of 18 11/13/20, 11:20 AM (PDF), 111 Stat. 2160, 2193 (November 19, 1997); refugee-based adjustment under INA 209(a)(2); adjustment of status based on Haitian Refugee Immigration Fairness Act of 1998 (HRIFA), Section 902 of Division A, Title IX of Pub. L. 105-277 (PDF), 112 Stat. 2681, 2681-538 (October 21, 1998); adjustment of status based on Liberian Refugee Immigration Fairness (LRIF) law, Section 7611 of the National Defense Authorization Act for Fiscal Year 2020, Pub. L. 116-92 (PDF) (December 20, 2019). [^ 22] See Application to Register Permanent Residence or Adjust Status (Form I-485). See INA 249. See 8 CFR 249. For more information, see Volume 7, Adjustment of Status, Part O, Registration [7 USCIS-PM O]. [^ 23] See INA 289 and 8 CFR 289. [^ 24] See Application for Waiver of Grounds of Inadmissibility (Form I-601). See Application for Provisional Unlawful Presence Waiver (Form I-601A). See Application by Refugee for Waiver of Grounds of Excludability (Form I-602)."
,,USCIS policy changes affecting adjustment of status under INA 245(a) and 245(k),2,0.031281,USCIS issues final rule on public charge inadmissibility grounds,"[""U.S. Citizenship and Immigration Services""]","[""Unspecified/Other"", ""Unspecified/Other""]","Additional information about the public charge ground of inadmissibility also remains available on the USCIS Public Charge Resources webpage. This guidance, contained in Volume 8 of the Policy Manual, is controlling and supersedes any related prior guidance on the topic. Policy Highlights • Incorporates information from the related appendices addressing applicability of the public charge ground of inadmissibility to help applicants for adjustment of status more easily identify the immigration categories to which the public charge ground of inadmissibility applies. Summary of Changes Affected Section: Volume 8 > Part G > Chapter 3 > Section B, Applicants for Adjustment of Status 1 The related appendices remain unchanged. To provide feedback on this update, email USCIS at policyfeedback@uscis.dhs.gov. PA-2023-20: Incorporating Guidance on Applicability of the Public Charge Ground of Inadmissibility Page: 2 • Revises section in its entirety, to include the addition of various tables listing the categories of adjustment of status applicants subject to the public charge ground of inadmissibility. USCIS may also make other minor technical, stylistic, and conforming changes consistent with this update. Citation Volume 8: Admissibility, Part G, Public Charge Ground of Inadmissibility, Chapter 3, Applicability [8 USCIS-PM G.3]."
,,USCIS policy changes affecting adjustment of status under INA 245(a) and 245(k),3,0.031025,EOIR issues guidance on adjustment of status eligibility for certain Liberians under the NDAA,"[""Unspecified/Other"", ""Executive Office for Immigration Review""]","[""Unspecified/Other""]","An alien shall not be eligible for adjustment of status under the new program if the Secretary determines that the alien: 1. has been convicted of any aggravated felony; 2. has been convicted of two or more crimes involving moral turpitude ( other than a purely political offense); or 3. has ordered, incited, assisted, or otherwise participated in the persecution of any person on account of race, religion, nationality, membership in a particular social group, or political opinion. Id. § 761 l(b)(3). II. Aliens Subject to Orders of Exclusion, Deportation, Removal, or Voluntary Departure An alien present in the United States who is otherwise subject to an order of exclusion, deportation, removal, or voluntary departure under any provision of the Immigration and Nationality Act (INA) may, notwithstanding the existence of such an order, submit an application for adjustment of status under this new program if the alien is otherwise eligible for adjustment of status. NDAA § 761 l(b)(4)(A). 1 No separate motion to reopen, reconsider, or vacate is required in order to apply for adjustment of status under this program. Id.§ 761 l(b)(4)(B). Accordingly, the immigration court and the Board should reject the filing of any motion that seeks to reopen, reconsider, or vacate an order of exclusion, deportation, removal, or voluntary departure solely based on a potential or pending application under the new provisions of the NDAA.2 1 The Secretary also ""shall promulgate regulations establishing procedures by which an alien who is subject to a final order of deportation, removal, or exclusion, may seek a stay of such order based on the filing of an application"" under this program."
,,USCIS policy changes affecting adjustment of status under INA 245(a) and 245(k),4,0.030798,USCIS waives COVID-19 vaccination requirement for Adjustment of Status applicants,"[""U.S. Citizenship and Immigration Services""]","[""Unspecified/Other""]","Home > Newsroom > All News > Alerts > USCIS Waives COVID-19 Vaccination Requirement for Adjustment of Status Applicants USCIS Waives COVID-19 Vaccination Requirement for Adjustment of Status Applicants Release Date : 01/22/2025 Effective Jan. 22, 2025, USCIS is waiving any and all requirements that applicants for adjustment of status to that of a lawful permanent resident present documentation on their Form I-693, Report of Immigration Medical Examination and Vaccination Record, that they received the COVID-19 vaccination. USCIS will not issue any Request for Evidence or Notice of Intent to Deny related to proving a COVID-19 vaccination. USCIS will not deny any adjustment of status application based on the applicant’s failure to present documentation that they received the COVID-19 vaccination. Last Reviewed/Updated: 01/22/2025 MENU 1/23/25, 5:41 PM USCIS Waives COVID-19 Vaccination Requirement for Adjustment of Status Applicants | USCIS https://www.uscis.gov/newsroom/alerts/uscis-waives-covid-19-vaccination-requirement-for-adjustment-of-status-applicants 1/1"
,,USCIS policy changes affecting adjustment of status under INA 245(a) and 245(k),5,0.030550,DHS Ends Automatic Extension of Employment Authorization Documents,"[""U.S. Citizenship and Immigration Services""]","[""Employment Verification"", ""Unspecified/Other""]","U.S. Citizenship and Immigration Services (USCIS) issued an interim final rule (IFR) to end the automatic 540-day extension under 8 C.F.R § 274a.13 of Form I-766 employment authorization documents (EADs) that were timely filed. Applications filed before October 30, 2025, will still receive the automatic extension. This policy applies to refugees, asylees, green-card applicants, and noncitizens applying for or granted withholding of removal, among others. The IFR does not affect automatic extension of EADs for Temporary Protected Status (TPS) beneficiaries under Immigration and Nationality Act (INA) § 244 or the validity of EADs that were automatically extended prior to October 30 or which are otherwise automatically extended by law or Federal Register notice. USCIS states the change aims to strengthen vetting and security checks, including more background checks and biometric data collection. USCIS acknowledges that this change could leave some individuals temporarily out of work. USCIS asserts that this action is consistent with EO 14159 § 16's directive to DHS to take all appropriate action to ensure EADs are issued consistent with Immigration and Nationality Act (INA) § 274A and EADs are not issued to unauthorized noncitizens. Public comments must be received on or before December 1, 2025. Trump 2.0 [ID #2037]"
,,evolution of visa bulletin movement and retrogression policy since 2015,1,0.032522,"POTUS issues Presidential Proclamation 9983, adding six new countries to Travel Ban","[""Customs and Border Protection"", ""U.S. Citizenship and Immigration Services"", ""Bureau of Consular Affairs""]","[""Unspecified/Other""]","Embassies and Consulates have continued to provide emergency and mission-critical visa services since the beginning of the COVID-19 pandemic and will continue to do so as they are able. Applicants, including those previously denied due to P.P. 9645 or 9983, should consult the website of their nearest U.S. embassy or consulate to determine if their case qualiﬁes for expedited processing. As post-speciﬁc conditions improve, our missions will begin providing additional services, culminating eventually in a complete resumption of routine visa services. Please see here for more information on the phased resumption of visa services."
,,evolution of visa bulletin movement and retrogression policy since 2015,2,0.029762,"POTUS issues EO 13780, extending travel ban and instructing agencies to enhance screening of certain foreign nationals","[""Customs and Border Protection"", ""U.S. Citizenship and Immigration Services"", ""Bureau of Consular Affairs""]","[""Unspecified/Other""]","Presidential Documents 13209 Federal Register Vol. 82, No. 45 Thursday, March 9, 2017 Title 3— The President Executive Order 13780 of March 6, 2017 Protecting the Nation From Foreign Terrorist Entry Into the United States By the authority vested in me as President by the Constitution and the laws of the United States of America, including the Immigration and Nationality Act (INA), 8 U.S.C. 1101 et seq., and section 301 of title 3, United States Code, and to protect the Nation from terrorist activities by foreign nationals admitted to the United States, it is hereby ordered as follows: Section 1. Policy and Purpose. (a) It is the policy of the United States to protect its citizens from terrorist attacks, including those committed by foreign nationals. The screening and vetting protocols and procedures associated with the visa-issuance process and the United States Refugee Admissions Program (USRAP) play a crucial role in detecting foreign nationals who may commit, aid, or support acts of terrorism and in preventing those individuals from entering the United States. It is therefore the policy of the United States to improve the screening and vetting protocols and procedures associated with the visa-issuance process and the USRAP. (b) On January 27, 2017, to implement this policy, I issued Executive Order 13769 (Protecting the Nation from Foreign Terrorist Entry into the United States). (i) Among other actions, Executive Order 13769 suspended for 90 days the entry of certain aliens from seven countries: Iran, Iraq, Libya, Somalia, Sudan, Syria, and Yemen."
,,evolution of visa bulletin movement and retrogression policy since 2015,3,0.029274,"State Department Announces Visa Restrictions for Foreign Officials and Others ""Facilitating Illegal Migration""","[""Bureau of Consular Affairs"", ""Unspecified/Other""]","[""Unspecified/Other"", ""Unspecified/Other""]","This visa restriction policy is pursuant to Section 212(a)(3)(C) of the Immigration and Nationality Act, which Home > O!ce of the Spokesperson > Press Releases > Announcement of a Visa Restriction Policy Targeting Foreign O""cials and Others Facilitating Illegal Migration into the United States PRESS STATEMENT MARCO RUBIO, SECRETARY OF STATE MARCH 5, 2025 Announcement of a Visa Restriction Policy Targeting Foreign Officials and Others Facilitating Illegal Migration into the United States An o""cial website of the United States Government Here's how you know      ✉ POLICY ISSUES COUNTRIES & AREAS BUREAUS & OFFICES ABOUT search Newsroom Business Employees Job Seekers Students Travelers Visas White House USA.govO!ce of the Inspector General ArchivesContact Us FOLLOW US Privacy Policy Accessibility Statement Copyright Information FOIA No FEAR Act      ✉ authorizes the Secretary of State to render inadmissible any alien whose entry into the Unites States “would have potentially serious adverse foreign policy consequences for the United States.” Certain family members may also be covered by these restrictions. Bureau of Consular A!airs O""ce of the Spokesperson The Secretary of State TAGS"
,,evolution of visa bulletin movement and retrogression policy since 2015,4,0.028790,EOIR Director issues guidance to restrict continuances,"[""Executive Office for Immigration Review""]","[""Unspecified/Other""]","2018). To the extent they are consistent with Matter of L-A-B-R, the following principles may also apply in specific cases: o Potential visa availability that is “too remote” does not establish good cause for a continuance. Matter of L-A-B-R-, 27 I&N Dec. at 418 (“good cause does not exist if the alien's visa priority date is too remote to raise the prospect of adjustment of status above the speculative level”); accord Matter of Quintero, 18 I&N Dec. 348, 350 (BIA 1982) (“In any case, the fact that the respondent has an approved visa petition does not entitle him to delay the completion of deportation proceedings pending availability of a visa number.”), aff’d sub nom. Quintero-Martinez v. INS, 745 F.2d 67 (9th Cir. 1984). o Under well-established precedent from the Board of Immigration Appeals (Board), a request for deferred action by DHS does not support an adjournment of proceedings. Matter of Quintero, 18 I&N Dec. at 350 (“Furthermore, since the respondent can request deferred action status at any stage in the proceedings, the immigration judge did not err in refusing to adjourn the hearing to allow him to pursue that relief.”). o Aliens who are prima facie eligible for an 1-751 waiver, including as a matter of discretion, should generally have their cases continued while that waiver application is pending with DHS. Matter of Stowers, 22 I&N Dec. 605 (BIA 1999). o Cases in which a confirmed unaccompanied alien child (UAC) has filed an asylum application with DHS must be continued while that application is pending adjudication with DHS because DHS has initial jurisdiction over such applications."
,,evolution of visa bulletin movement and retrogression policy since 2015,5,0.028787,"POTUS issues Presidential Proclamation, removing Chad from Travel Ban","[""Bureau of Consular Affairs""]","[""Visitor"", ""Unspecified/Other""]","(b) The initial report required under subsection (a) of this section shall be submitted within 180 days of the date of this proclamation; the second report shall be submitted within 270 days of the first report; and reports shall be submitted annually thereaxer. (c) The agency heads identified in subsection (a) of this section shall coordinate any policy developments associated with the reports described in subsection (a) of this section through the appropriate Assistants to the President. Sec. 6. Enforcement. (a) The Secretary of State and the Secretary of Homeland Security shall consult with appropriate domestic and international partners, including countries and organizations, to ensure ewicient, ewective, and appropriate implementation of this proclamation. (b) In implementing this proclamation, the Secretary of State and the Secretary of Homeland Security shall comply with all applicable laws and regulations, including those that provide an opportunity for individuals to enter the United States on the basis of a credible claim of fear of persecution or torture. (c) No immigrant or nonimmigrant visa issued before the applicable ewective date under section 7 of this proclamation shall be revoked pursuant to this proclamation. (d) Any individual whose visa was marked revoked or marked canceled as a result of Executive Order 13769 of January 27, 2017 (Protecting the Nation from Foreign Terrorist Entry into the United States), shall be entitled to a travel document confirming that the individual is permitted to travel to the United States and seek entry under the terms and conditions of the"
,,litigation impacting public charge inadmissibility rule enforcement timeline,1,0.032787,USCIS issues final rule on public charge inadmissibility grounds,"[""U.S. Citizenship and Immigration Services""]","[""Unspecified/Other"", ""Unspecified/Other""]","The rule also makes nonimmigrant aliens who have received certain public benefits above a specific threshold generally ineligible for extension of stay and change of status. “For over a century, the public charge ground of inadmissibility has been part of our nation’s immigration laws. President Trump has delivered on his promise to the American people to enforce long-standing immigration law by defining the public charge inadmissibility ground that has been on the books for years,” said USCIS Acting Director Ken Cuccinelli. “Throughout our history, self-suﬀiciency has been a core tenet of the American dream. Self-reliance, industriousness, and perseverance laid the foundation of our nation and have defined generations of hardworking immigrants seeking opportunity in the United States ever since. Through the enforcement of the public charge inadmissibility law, we will promote these longstanding ideals and immigrant success.” DHS has revised the definition of “public charge” to incorporate consideration of more kinds of public benefits received, which the Department believes will better ensure that applicants subject to the public charge inadmissibility ground are self-suﬀicient. The rule defines the term “public charge” to mean an individual who receives one or more designated public benefits for more than 12 months, in the aggregate, within any 36-month period (such that, for instance, receipt of two benefits in one month counts as two months). The rule further defines the term “public benefit” to include any cash benefits for income maintenance, Supplemental Security Income (SSI), Temporary Assistance to Needy Families (TANF), Supplemental Nutritional Assistance Program (SNAP), most forms of Medicaid, and certain housing programs."
,,litigation impacting public charge inadmissibility rule enforcement timeline,2,0.031281,State Department orders resettlement agencies to stop funded work supporting refugees currently in the U.S.,"[""Unspecified/Other""]","[""Refugees"", ""Unspecified/Other""]","Provide reporting to the Court (in accordance with the reporting timeline outlined below—i.e., three days after the deadline for compliance) regarding the total number of these individuals and the timeline for their admission. Given that the Government has already begun to admit some Injunction-Protected Refugees, such admissions should proceed immediately and with haste. g. Develop a comprehensive plan, including a detailed timeline, to renew the travel clearances, including security and medical authorizations, of all Injunction-Protected Refugees whose clearances have lapsed since January 20. This comprehensive plan may include a combination of measures, including: extending existing clearances where possible; arranging new screening appointments where formal extensions are not possible; authorizing applicants to arrange their own medical screenings; and facilitating expedited treatment from security vetting agencies. The Government must submit this plan to the Court in accordance with the reporting timeline outlined below (i.e., three days after the deadline for compliance). Case 2:25-cv-00255-JNW Document 119 Filed 05/05/25 Page 8 of 14 COMPLIANCE FRAMEWORK ORDER - 9 1 2 3 4 5 6 7 8 9 10 11 12 13 14 15 16 17 18 19 20 21 22 23 (2) The Government must take the following measures within FOURTEEN (14) days of this Order: a. Notify all Injunction-Protected Refugees of this Order and that the Government will resume processing their cases in accordance with this Order. b. Restore funding to RSCs as needed to ensure that the cases of all Injunction-Protected Refugees can be processed."
,,litigation impacting public charge inadmissibility rule enforcement timeline,3,0.031258,HHS issues notice excluding undocumented immigrants from additional federal benefits,"[""Unspecified/Other""]","[""Unspecified/Other""]","Plaintiff the District of Columbia is a municipal corporation organized under the Constitution of the United States. It is empowered to sue and be sued, and it is the local government for the territory constituting the permanent seat of the federal government. The District is represented by and through its chief legal officer, Attorney General Brian L. Schwalb. The Attorney General has general charge and conduct of all legal business of the District and all suits initiated by and against the District and is responsible for upholding the public interest. D.C. Code. § 1-301.81. 24. Plaintiff State of Hawai‘i, represented by and through its Attorney General Anne Lopez, is a sovereign state of the United States of America. The Attorney General is Hawaii’s chief legal officer and chief law enforcement officer and is authorized by Hawaii Revised Statues § 28-1 to pursue this action. 25. Plaintiff State of Illinois is a sovereign state in the United States of America. Illinois is represented by Kwame Raoul, the Attorney General of Illinois, who is the chief law enforcement officer of Illinois and authorized to sue on the State’s behalf. Under Illinois law, the Attorney General is authorized to represent the State’s interests by the Illinois Constitution, article V, section 15. See 15 Ill. Comp. Stat. 205/4. 26. Plaintiff State of Maine is a sovereign state of the United States of America. Maine is represented by Aaron M. Frey, the Attorney General of Maine. The Attorney General is authorized to pursue this action pursuant to Me."
,,litigation impacting public charge inadmissibility rule enforcement timeline,4,0.030579,"EO 14165 § 7(b) directs termination of ""categorical parole programs"" including CHNV Parole Processes","[""Customs and Border Protection"", ""U.S. Citizenship and Immigration Services"", ""Unspecified/Other""]","[""Unspecified/Other""]","This means it is generally unlawful to parole into the United States aliens with pending applications for refugee status filed abroad, and aliens found to have prima facie asylum claims who are being allowed into the United States to await adjudication of those claims. The sole exception to this bar is when the Secretary of DHS determines that compelling reasons in the public interest with respect to that particular alien require that the alien be paroled into the United States rather than admitted as a refugee. It is evident that many current DHS policies and practices governing parole are inconsistent with the statute. Therefore, I order the following: (1) Within sixty (60) days of the date of this order, the Director of U.S. Immigration and Customs Enforcement; the Commissioner of U.S. Customs and Border Protection; and the Director of U.S. Citizenship and Immigration Services are directed to: a. Compile a list of all instructions, policies, procedures, rules, and regulations pertaining to parole; b. Review all such instructions, policies, procedures, rules, and regulations and determine, in consultation with the DHS General Counsel, which are not strictly in accord with the text and structure of 8 U.S.C. § 1182(d)(5); c. Formulate a plan for phasing out any such instructions, policies, procedures, rules, and regulations, accompanied by a proposal and timeline for any necessary public notices to be published pursuant to the terms of the Administrative Procedure Act or any other applicable law; d."
,,litigation impacting public charge inadmissibility rule enforcement timeline,5,0.029643,President issues memoranda targeting immigration lawyers with sanctions for alleged misconduct,"[""Unspecified/Other"", ""Unspecified/Other""]","[""Unspecified/Other""]","President Trump issued a memorandum instructing the Attorney General and the Secretary of Homeland Security to enforce attorney conduct rules, with an emphasis on Rule 11 of the Federal Rules of Civil Procedure and Rule 3.1 of the Model Rules of Professional Conduct. These regulations prohibit unethical practices, including the filing of frivolous lawsuits. The directive calls for sanctions in such cases, particularly those impacting national security, public safety, or elections, and requires disciplinary measures against attorneys who violate these standards. It also mandates a review of past legal actions for potential misconduct and accuses the immigration bar and law firms' pro bono legal practices of coaching asylum applicants to mislead immigration authorities and courts into granting unwarranted relief harming national security. [Trump 2.0 ID #1640]"
,,DHS and DOS coordination policies for consular processing during COVID,1,0.031754,"EO 14165 § 6 directs DHS, DOS, and DOJ to resume the Migrant Protection Protocols","[""Unspecified/Other"", ""Unspecified/Other"", ""Unspecified/Other""]","[""Border"", ""Asylum, Withholding and CAT""]","21, 2021, https://www.dhs.gov/publication/metrics-and-measures. 24 DHS Office of Immigration Statistics analysis of U.S. CBP administrative records. In March 2020, the U.S. Centers for Disease Control and Prevention (CDC) issued a public health order under 42 U.S.C. §§ 265 and 268 to prevent the spread of COVID-19 in CBP holding facilities and in the United States. 85 Fed. Reg. 16,559 (Mar. 24, 2020). The Order temporarily suspending the introduction of certain persons into the United States from countries where a communicable disease exists. Id. In August 2021, CDC issued a new Order, which replaced, reaffirmed, and superseded the previous Orders. See 86 Fed. Reg. 42,828 (Aug. 5, 2021). 25 Memorandum from Kevin McAleenan, Acting Sec’y of Homeland Sec., Review of Migrant Protection Protocols Policy and Implementation (June 12, 2019). 26 Id. Working under the oversight of the Acting Deputy Secretary of Homeland Security, the Red Team was composed of individuals from the Offices of Privacy, Management, Civil Rights and Civil Liberties, and the Coast Guard. 27 DHS Office of Operations Coordination, The Migrant Protection Protocols Red Team Report (Oct. 25, 2019) [hereinafter Red Team Report]. 28 Id. at 4. 7 with respect to information provided to migrants upon initial screening and processing; the need for better access to counsel and better mechanisms for communication with counsel; the need to ensure better non-refoulement protections;29 the need for safe housing and protections for those returned to Mexico; and the need for administrative and logistical improvements, including the establishment of measures of effectiveness and better mechanisms for the sharing of key information between migrants and relevant government agencies."
,,DHS and DOS coordination policies for consular processing during COVID,2,0.031054,"POTUS issues Presidential Proclamation 9983, adding six new countries to Travel Ban","[""Customs and Border Protection"", ""U.S. Citizenship and Immigration Services"", ""Bureau of Consular Affairs""]","[""Unspecified/Other""]","9645 or 9983 and were determined not to qualify for a waiver before January 20, 2020, must submit a new visa application (DS-260) and pay a new visa application processing fee. IV applicants refused due to either P.P. 9645 or 9983 and whose eligibility for a waiver was still being evaluated, or who were determined not to qualify for a waiver within one year of January 20, 2021, and who also request their local embassy or consulate to resume processing on their case within one year of January 20, 2021 may be able to resume processing of their case without submitting a new application or paying a new visa application processing fee. Embassies and consulates will prioritize the adjudication of applications for those Rescission of Presidential Proclamations 9645 and 9983 https://travel.state.gov/content/travel/en/News/visas-news/rescission-... 2 of 3 1/31/21, 12:42 PM (DS-160) and pay a new visa application processing fee if they wish to reapply for a visa. Pursuant to President Biden’s proclamation, the Department can immediately process visa applications for individuals from the affected countries. Please note that the rescission of P.P.s 9645 and 9983 does not necessarily mean that your local U.S. embassy or consulate is able to immediately schedule all affected applicants for visa interviews. The resumption of routine visa services during the ongoing COVID-19 pandemic, prioritized after services to U.S. citizens, will occur on a post-by-post basis, consistent with the Department’s guidance for safely returning our workforce to Department facilities. U.S."
,,DHS and DOS coordination policies for consular processing during COVID,3,0.030282,"POTUS issues Presidential Proclamation, removing Chad from Travel Ban","[""Bureau of Consular Affairs""]","[""Visitor"", ""Unspecified/Other""]","(a) The Secretary of Homeland Security, in coordination with the Secretary of State, the Attorney General, the Director of National Intelligence, and other appropriate heads of agencies shall submit periodic reports to the President, through appropriate Assistants to the President, that: (i) describe the steps the United States Government has taken to improve vetting for nationals of all foreign countries, including through improved collection of biometric and 11/7/2018 Presidential Proclamation Enhancing Vetting Capabilities and Processes for Detecting Attempted Entry Into the United States by Terrorists or Other Pub… https://www.whitehouse.gov/presidential-actions/presidential-proclamation-enhancing-vetting-capabilities-processes-detecting-attempted-entry-united-states-terrori… 17/20 biographic data; (ii) describe the scope and magnitude of fraud, errors, false information, and unverifiable claims, as determined by the Secretary of Homeland Security on the basis of a validation study, made in applications for immigration benefits under the immigration laws; and (iii) evaluate the procedures related to screening and vetting established by the Department of State’s Bureau of Consular Awairs in order to enhance the safety and security of the United States and to ensure suwicient review of applications for immigration benefits. (b) The initial report required under subsection (a) of this section shall be submitted within 180 days of the date of this proclamation; the second report shall be submitted within 270 days of the first report; and reports shall be submitted annually thereaxer."
